{"name": "bodyside_VGG16_Weights.IMAGENET1K_V1", "timestamp": "20231130-095657", "epochs": [0, 1, 2, 3, 4], "epoch_duration": [4555.774141073227, 4579.968646287918, 4292.206811904907, 4511.742368936539, 4536.61619400978], "loss": [0.1319106902980867, 0.12757553892554338, 0.12732334474045515, 0.12615837110877817, 0.12650950273515982], "accuracy": [0.5365334153175354, 0.5365334153175354, 0.5365334153175354, 0.5376802086830139, 0.5365334153175354], "val_loss": [0.12596806848612357, 0.12603014211837701, 0.12582419267085593, 0.1260889040848871, 0.12641719323912942], "val_accuracy": [0.5329724409448819, 0.5329724409448819, 0.5329724409448819, 0.5329724409448819, 0.5329724409448819], "model_size_KB": 567447.6669921875, "num_epochs": 5, "training_time": 4536.609195232391, "inference_time": 0.0}