{"name": "bodyside_DenseNet201_Weights.IMAGENET1K_V1_8kern", "timestamp": "20231129-075830", "epochs": [0, 1, 2, 3, 4], "epoch_duration": [2809.66908288002, 2809.668080329895, 2792.786547899246, 2792.7775523662567, 2783.69166636467, 2783.6896657943726, 2760.095063686371, 2760.0920553207397, 2819.8764219284058, 2819.8734138011932], "loss": [0.042337004587852126, 0.05973603967289353, 0.02931163761128212, 0.025772997365679944, 0.012027309384614398], "accuracy": [0.9080930352210999, 0.942332923412323, 0.9619921445846558, 0.9596985578536987, 0.9788663387298584], "val_loss": [0.02402593444877176, 0.023336603685450204, 0.01969172665980503, 0.00497045192832047, 0.12651642674289207], "val_accuracy": [0.9562007874015748, 0.9591535433070866, 0.9596456692913385, 0.9857283464566929, 0.7145669291338582], "model_size_KB": 97569.7744140625, "num_epochs": 5, "training_time": 2819.8734138011932, "inference_time": 0.0}