{"name": "ilona_pytorch_densenet", "timestamp": "20231116-205215", "epochs": [0, 1, 2, 3, 4], "epoch_duration": [1886.895892381668, 1886.895892381668, 1898.0395991802216, 1898.0386035442352, 1845.3960070610046, 1845.3949973583221, 1840.1934175491333, 1840.1845893859863, 1809.3836014270782, 1809.3739104270935], "loss": [0.023020928948352514, 0.008052651487015087, 0.001427073530231156, 0.0008547219768215137, 0.009515858189041737], "accuracy": [0.9594793915748596, 0.9791257381439209, 0.9972985982894897, 0.998280942440033, 0.9783890247344971], "val_loss": [0.12436688607923833, 0.0005676550658780214, 0.00017552539157463797, 0.0022046376124632804, 0.00033749277744119335], "val_accuracy": [0.7676470588235295, 0.9985294117647059, 1.0, 0.9948529411764706, 0.9985294117647059], "model_size_KB": 79499.7626953125, "num_epochs": 5, "training_time": 1809.3739104270935, "inference_time": 0.0}