{"name": "EfficientNet_V2_S_Weights.IMAGENET1K_V1", "timestamp": "20231129-175203", "epochs": [0, 1, 2, 3, 4], "epoch_duration": [2145.126537322998, 2151.6414754390717, 2143.1147911548615, 2289.9999985694885, 2134.14723277092], "loss": [0.036326603965064805, 0.01289325503375047, 0.02097678134031362, 0.01760789665074679, 0.008591354404991204], "accuracy": [0.9262778759002686, 0.9744429588317871, 0.9690366983413696, 0.9710026383399963, 0.9847640991210938], "val_loss": [0.012055173296591141, 0.015398457495938078, 0.014897100078574506, 0.0023895110015402297, 0.003232750423010179], "val_accuracy": [0.984251968503937, 0.9749015748031497, 0.9798228346456693, 0.9921259842519685, 0.9950787401574803], "model_size_KB": 100141.2138671875, "num_epochs": 5, "training_time": 2134.1432254314423, "inference_time": 0.0}