{"name": "bodyside_ResNet152_Weights.IMAGENET1K_V2", "timestamp": "20231129-115807", "epochs": [0, 1, 2, 3, 4], "epoch_duration": [4107.468151330948, 4096.339938402176, 4135.0369284152985, 4120.007248401642, 4122.2074320316315], "loss": [0.04977204670245649, 0.02253713249934385, 0.02261737280855041, 0.018842101509021665, 0.005217598500613452], "accuracy": [0.895478367805481, 0.9564220309257507, 0.962811291217804, 0.970674991607666, 0.983781099319458], "val_loss": [0.013563836681255199, 0.006137871366802044, 0.002882700933895394, 0.011438861154992918, 0.004208088022683688], "val_accuracy": [0.9478346456692913, 0.9812992125984252, 0.9936023622047244, 0.9812992125984252, 0.9812992125984252], "model_size_KB": 254602.0478515625, "num_epochs": 5, "training_time": 4122.204428911209, "inference_time": 0.0}