{
    "name": "my_custom_model_2",
    "timestamp": "20231008-111438",
    "epochs": [
        0,
        1
    ],
    "epoch_duration": [
        18.853885412216187,
        17.593965768814087
    ],
    "loss": [
        0.2027808576822281,
        0.08141350746154785
    ],
    "accuracy": [
        0.9404333233833313,
        0.9746999740600586
    ],
    "val_loss": [
        0.12430176883935928,
        0.07337743043899536
    ],
    "val_accuracy": [
        0.9629999995231628,
        0.9754999876022339
    ],
    "model_size_KB": 4789.3515625,
    "num_epochs": 2,
    "training_data_size": 60000,
    "training_time": 36.4538516998291,
    "inference_time": 1.4069342613220215
}