{
    "name": "my_custom_model_2",
    "timestamp": "20231008-112318",
    "epochs": [
        0,
        1,
        2,
        3,
        4
    ],
    "epoch_duration": [
        15.070165634155273,
        15.369193077087402,
        14.032934665679932,
        14.998095989227295,
        15.86327838897705
    ],
    "loss": [
        0.003752535441890359,
        0.007237360812723637,
        0.004277304280549288,
        0.006290866062045097,
        0.006049578543752432
    ],
    "accuracy": [
        0.9987833499908447,
        0.9976666569709778,
        0.9987333416938782,
        0.9980999827384949,
        0.998199999332428
    ],
    "val_loss": [
        0.11620841175317764,
        0.13486585021018982,
        0.11253032088279724,
        0.12376507371664047,
        0.14347602427005768
    ],
    "val_accuracy": [
        0.9815000295639038,
        0.9807000160217285,
        0.9829000234603882,
        0.982699990272522,
        0.9783999919891357
    ],
    "model_size_KB": 4789.3515625,
    "num_epochs": 5,
    "training_data_size": 60000,
    "training_time": 75.33867287635803,
    "inference_time": 0.9842863082885742
}