{"name": "my_custom_model_2", "timestamp": "20231008-111912", "epochs": [0, 1, 2, 3, 4], "epoch_duration": [15.341675996780396, 18.367964267730713, 17.249733924865723, 14.988481998443604, 16.379921197891235], "loss": [0.022022061049938202, 0.01657409779727459, 0.013697548769414425, 0.01110640075057745, 0.011694828048348427], "accuracy": [0.9927499890327454, 0.9946333169937134, 0.9953833222389221, 0.99631667137146, 0.9963333606719971], "val_loss": [0.0634804293513298, 0.0760936513543129, 0.07832754403352737, 0.06801019608974457, 0.08098097890615463], "val_accuracy": [0.9811000227928162, 0.9807000160217285, 0.9799000024795532, 0.9825000166893005, 0.9807000160217285], "model_size_KB": 4789.3515625, "num_epochs": 5, "training_data_size": 60000, "training_time": 82.33165144920349, "inference_time": 0.9879183769226074}