{
    "name": "my_custom_model_2",
    "timestamp": "20231008-112434",
    "epochs": [
        0,
        1,
        2,
        3,
        4
    ],
    "epoch_duration": [
        16.15008282661438,
        18.582647562026978,
        18.36149287223816,
        17.6761577129364,
        16.523805618286133
    ],
    "loss": [
        0.004854292143136263,
        0.0061677428893744946,
        0.0037987721152603626,
        0.00527999410405755,
        0.003503892570734024
    ],
    "accuracy": [
        0.9983000159263611,
        0.998199999332428,
        0.9987499713897705,
        0.9984666705131531,
        0.9988999962806702
    ],
    "val_loss": [
        0.15541620552539825,
        0.12362827360630035,
        0.1374182254076004,
        0.14161774516105652,
        0.12448351830244064
    ],
    "val_accuracy": [
        0.9771999716758728,
        0.982699990272522,
        0.9796000123023987,
        0.9800000190734863,
        0.9829999804496765
    ],
    "model_size_KB": 4789.3515625,
    "num_epochs": 5,
    "training_data_size": 60000,
    "training_time": 87.3017361164093,
    "inference_time": 1.0514588356018066
}