{"name": "my_custom_model_2", "timestamp": "20231008-112036", "epochs": [0, 1, 2, 3, 4], "epoch_duration": [16.65066885948181, 15.630686044692993, 15.992552995681763, 16.34601330757141, 16.535035371780396], "loss": [0.011860421858727932, 0.008368607610464096, 0.009299712255597115, 0.007652609143406153, 0.0070550343953073025], "accuracy": [0.9958333373069763, 0.9972333312034607, 0.9968166947364807, 0.9973499774932861, 0.9975500106811523], "val_loss": [0.08963829278945923, 0.08041860163211823, 0.09666580706834793, 0.07493506371974945, 0.08702082186937332], "val_accuracy": [0.9797000288963318, 0.9815000295639038, 0.980400025844574, 0.9833999872207642, 0.982699990272522], "model_size_KB": 4789.3515625, "num_epochs": 5, "training_data_size": 60000, "training_time": 81.16216683387756, "inference_time": 1.1409952640533447}