{"name": "my_custom_model_2", "timestamp": "20231008-111737", "epochs": [0, 1, 2, 3, 4], "epoch_duration": [19.140013456344604, 21.731212377548218, 20.426103830337524, 15.427940368652344, 16.884699821472168], "loss": [0.19872090220451355, 0.07991805672645569, 0.052725352346897125, 0.03705482929944992, 0.02749267965555191], "accuracy": [0.9413833618164062, 0.975933313369751, 0.9834499955177307, 0.9879666566848755, 0.9912166595458984], "val_loss": [0.10632150620222092, 0.07467595487833023, 0.06941276788711548, 0.07105151563882828, 0.07367272675037384], "val_accuracy": [0.9650999903678894, 0.9757000207901001, 0.978600025177002, 0.9768000245094299, 0.9797999858856201], "model_size_KB": 4789.3515625, "num_epochs": 5, "training_data_size": 60000, "training_time": 93.61485695838928, "inference_time": 1.286423921585083}