{"name": "my_custom_model_2", "timestamp": "20231008-112158", "epochs": [0, 1, 2, 3, 4], "epoch_duration": [16.679330825805664, 16.58377194404602, 14.62427043914795, 15.490862846374512, 14.762693881988525], "loss": [0.006004081107676029, 0.007319551892578602, 0.005966679658740759, 0.006526618264615536, 0.006483667995780706], "accuracy": [0.9981333613395691, 0.9976999759674072, 0.9981666803359985, 0.9976833462715149, 0.9977999925613403], "val_loss": [0.0958464965224266, 0.10885656625032425, 0.1226220354437828, 0.10137901455163956, 0.10975541919469833], "val_accuracy": [0.9818999767303467, 0.98089998960495, 0.9785000085830688, 0.9814000129699707, 0.9811000227928162], "model_size_KB": 4789.3515625, "num_epochs": 5, "training_data_size": 60000, "training_time": 78.14493656158447, "inference_time": 1.3253533840179443}