{
    "name": "primin_pytorch",
    "timestamp": "20231107-170825",
    "epochs": [
        0,
        1
    ],
    "epoch_duration": [
        1755.12677693367,
        1755.12677693367,
        1767.0990872383118,
        1767.0990872383118
    ],
    "loss": [
        0.042409685295975566,
        0.008883721787698234
    ],
    "accuracy": [
        0.96875,
        0.9896978139877319
    ],
    "val_loss": [
        0.002566990707222889,
        4.648272300379699e-05
    ],
    "val_accuracy": [
        0.9865702479338843,
        1.0
    ],
    "model_size_KB": 254600.5390625,
    "num_epochs": 2,
    "training_time": 1767.0990872383118,
    "inference_time": 0.0
}