{"name": "primin_pytorch", "timestamp": "20231107-160828", "epochs": [0, 1], "epoch_duration": [1746.9886455535889, 1746.9886455535889, 1707.4667658805847, 1707.4667658805847], "loss": [0.14853591022624874, 0.007206755735576039], "accuracy": [0.8956043720245361, 0.9890109896659851], "val_loss": [0.005732314949567424, 0.0013839988845104972], "val_accuracy": [0.993801652892562, 0.9979338842975206]}