{"name": "primin_pytorch", "timestamp": "20231112-185750", "epochs": [0, 1], "epoch_duration": [2751.006535768509, 2245.1288707256317], "loss": [0.03258685031083252, 0.043856307839882654], "accuracy": [0.9649725556373596, 0.7987637519836426], "val_loss": [5.28231119253665, 23.18433453843829], "val_accuracy": [0.7334710743801653, 0.7334710743801653], "model_size_KB": 254600.5390625, "num_epochs": 2, "training_data_size": 2905, "training_time": 4996.137410640717}