{
    "name": "primin_pytorch",
    "timestamp": "20231107-121748",
    "epochs": [
        0,
        1
    ],
    "epoch_duration": [
        3419.484917640686,
        3419.484917640686,
        3091.9259219169617,
        3091.922784090042
    ],
    "loss": [
        0.7887343541734974,
        0.04282902624174041
    ],
    "accuracy": [
        0.9773351550102234,
        0.9721840620040894
    ],
    "val_loss": [
        2.1365578535040886,
        0.0018343556723305367
    ],
    "val_accuracy": [
        0.8729338842975206,
        0.996900826446281
    ]
}