{
    "name": "primin_pytorch",
    "timestamp": "20231112-173020",
    "epochs": [
        0,
        1
    ],
    "epoch_duration": [
        1977.9597654342651,
        2887.936602830887
    ],
    "loss": [
        0.06385842481882574,
        0.2398020198382645
    ],
    "accuracy": [
        0.9388736486434937,
        0.9869505763053894
    ],
    "val_loss": [
        0.0009638065718064347,
        0.00013138393739217864
    ],
    "val_accuracy": [
        1.0,
        1.0
    ],
    "model_size_KB": 254600.5390625,
    "num_epochs": 2,
    "training_data_size": 2905,
    "training_time": 4865.900404214859
}