{"name": "bodyside_EfficientNet_V2_S_Weights.IMAGENET1K_V1", "timestamp": "20231121-021252", "epochs": [0, 1, 2, 3, 4], "epoch_duration": [2088.63712477684, 2078.8423368930817, 2076.4474296569824, 2079.97741150856, 2074.2787578105927], "loss": [0.03170675860951507, 0.017024132175950762, 0.012077496979264852, 0.01724694276047215, 0.011337521638427207], "accuracy": [0.931684136390686, 0.968381404876709, 0.9793577790260315, 0.9631389379501343, 0.976245105266571], "val_loss": [0.0009446323217133204, 0.0025583123508143577, 0.021592392451032155, 0.00461115886954262, 0.0031774057088713253], "val_accuracy": [0.9985236220472441, 0.9940944881889764, 0.9768700787401575, 0.9906496062992126, 0.9960629921259843], "model_size_KB": 100141.2138671875, "num_epochs": 5, "training_time": 2074.277761697769, "inference_time": 0.0}