{"name": "ilona_pytorch_vgg16_nocrop", "timestamp": "20231121-134456", "epochs": [0, 1, 2, 3, 4], "epoch_duration": [4732.942604780197, 4732.940622806549, 4690.463465452194, 4690.454478025436, 4664.822834253311, 4664.819834947586, 4669.509981393814, 4669.508981466293, 4655.85941195488, 4655.857411623001], "loss": [0.1377551278061579, 0.12732981578941271, 0.12689562896718204, 0.12691403359057551, 0.12648713162967137], "accuracy": [0.5309633016586304, 0.539973795413971, 0.539973795413971, 0.539973795413971, 0.5393185019493103], "val_loss": [0.12768983987607355, 0.12637965920872576, 0.1292408457773877, 0.12646500813210104, 0.12683159385727147], "val_accuracy": [0.5221456692913385, 0.5221456692913385, 0.5221456692913385, 0.5221456692913385, 0.5221456692913385], "model_size_KB": 655619.2294921875, "num_epochs": 5, "training_time": 4655.857411623001, "inference_time": 0.0}