{"name": "ilona_pytorch_efficientnet", "timestamp": "20231118-113125", "epochs": [0, 1, 2, 3, 4], "epoch_duration": [1523.6854498386383, 1501.4136621952057, 1521.4328849315643, 1496.077384710312, 1468.311064004898], "loss": [0.020440651449729296, 0.003731928311231014, 0.006279462788836799, 0.004371307219843954, 0.0018172139341932623], "accuracy": [0.9666011929512024, 0.9911591410636902, 0.9833005666732788, 0.9904223680496216, 0.9960707426071167], "val_loss": [0.0010084056616408048, 0.0005556426305201743, 0.0013992674851213485, 0.010529347480662503, 0.00017265435645838652], "val_accuracy": [0.9985294117647059, 0.9985294117647059, 0.9963235294117647, 0.9713235294117647, 0.9992647058823529], "model_size_KB": 84691.3330078125, "num_epochs": 5, "training_time": 1468.309079170227, "inference_time": 0.0}