{"name": "bodyside_VGG16_Weights.IMAGENET1K_V1", "timestamp": "20231129-223249", "epochs": [0, 1, 2, 3, 4], "epoch_duration": [4538.47359919548, 4449.304013967514, 4445.41695356369, 4447.598131895065, 4450.006551265717], "loss": [0.1393418591456028, 0.12755193031084178, 0.12683087976974086, 0.12755571731499263, 0.12663570372570856], "accuracy": [0.5476736426353455, 0.5412843823432922, 0.5412843823432922, 0.5414482355117798, 0.5411205887794495], "val_loss": [0.1277911848733275, 0.12599356372760037, 0.12570745401143088, 0.12611108053270287, 0.1256505905643223], "val_accuracy": [0.5270669291338582, 0.5270669291338582, 0.5270669291338582, 0.5270669291338582, 0.5270669291338582], "model_size_KB": 655619.2294921875, "num_epochs": 5, "training_time": 4450.0045466423035, "inference_time": 0.0}