{"name": "ilona_pytorch_resnet", "timestamp": "20231117-071631", "epochs": [0, 1, 2, 3, 4], "epoch_duration": [2731.976730108261, 2731.9747602939606, 2708.0314271450043, 2708.0224182605743, 2706.751657485962, 2706.7506577968597, 2715.2490713596344, 2715.2391781806946, 2721.049380302429, 2721.0473895072937], "loss": [0.053703267555166814, 0.028770476021634853, 0.03229275267558162, 0.018984319407802083, 0.06812676246111325], "accuracy": [0.8777014017105103, 0.939587414264679, 0.9496561884880066, 0.9700393080711365, 0.8295677900314331], "val_loss": [0.05574781869347812, 0.0037486169432828192, 0.020158069034918225, 0.010741895271583148, 0.04172250499010332], "val_accuracy": [0.8046568926642923, 0.9860294117647059, 0.9367647058823529, 0.9580882352941177, 0.8661764705882353], "model_size_KB": 254602.0478515625, "num_epochs": 5, "training_time": 2721.0473895072937, "inference_time": 0.0}