{"name": "ilona_pytorch", "timestamp": "20231112-213952", "epochs": [0, 1, 2, 3, 4], "epoch_duration": [1961.8044636249542, 1864.0457026958466, 1828.282704114914, 1836.041993379593, 1825.3911833763123], "loss": [0.020038812677303786, 0.00905923091738379, 0.00603856839923364, 0.00020909265531973332, 0.0005893533289355703], "accuracy": [0.9629175066947937, 0.9783890247344971, 0.9867386817932129, 0.9997544288635254, 0.9992632865905762], "val_loss": [0.0037961293517796814, 0.0019353172878932218, 0.00011600027901908124, 1.1138260218362406e-05, 0.003368946180463557], "val_accuracy": [0.9941176470588236, 0.9941176470588236, 0.9992647058823529, 1.0, 0.9926470588235294], "model_size_KB": 79499.7626953125, "num_epochs": 5, "training_time": 1825.375548839569, "inference_time": 0.0}