{"name": "ilona_pytorch_resnet_nocrop", "timestamp": "20231120-145651", "epochs": [0, 1, 2, 3, 4], "epoch_duration": [4152.10178232193, 4152.100778341293, 4134.076995134354, 4134.068002939224, 4739.69916343689, 4739.696137428284, 5482.804310560226, 5482.798293352127, 5003.676140069962, 5003.671416044235], "loss": [0.06471433164743051, 0.05163636202939974, 0.043420638779467696, 0.03633037382641404, 0.03330970055432908], "accuracy": [0.821592390537262, 0.9266055226325989, 0.9008846879005432, 0.8763105869293213, 0.9162843823432922], "val_loss": [0.04047983560036573, 0.019311821858911938, 0.032649032127407315, 0.01710081162888146, 0.030212280066412224], "val_accuracy": [0.9458661417322834, 0.9788385826771654, 0.8686023622047244, 0.9458661417322834, 0.8454724409448819], "model_size_KB": 254602.0478515625, "num_epochs": 5, "training_time": 5003.671416044235, "inference_time": 0.0}