{"name": "bodyside_DenseNet201_Weights.IMAGENET1K_V1", "timestamp": "20231120-214214", "epochs": [0, 1, 2, 3, 4], "epoch_duration": [2982.982934951782, 2982.9809472560883, 2747.9535343647003, 2747.945545196533, 2747.417836666107, 2747.417836666107, 2706.61056804657, 2706.609567642212, 2693.587115049362, 2693.5851147174835], "loss": [0.04832653815683795, 0.034042605188601464, 0.027638379109245725, 0.019124774721752155, 0.028210918087979955], "accuracy": [0.8948230743408203, 0.9370904564857483, 0.9426605701446533, 0.9618282914161682, 0.962811291217804], "val_loss": [1.0898307069611743, 0.04476973451264658, 0.00665626856561268, 0.004263766358980723, 0.004369118632980946], "val_accuracy": [0.4763779527559055, 0.9394685039370079, 0.9808070866141733, 0.9886811023622047, 0.984744094488189], "model_size_KB": 97569.7744140625, "num_epochs": 5, "training_time": 2693.5851147174835, "inference_time": 0.0}